{"client":["/css/307aa92a08b592d15977.css","/js/307aa92a08b592d15977.js"],"vendors~client":["/css/286bdbdca6239959b4eb.css","/js/286bdbdca6239959b4eb.js"],"cssDependencyMap":[{"path":"/css/286bdbdca6239959b4eb.css","modules":["pawProjectClient","../internals/export","react","../internals/fails","./fails","../internals/global","react-router","react-router-dom","../internals/is-object","../internals/an-object","../internals/descriptors","../internals/well-known-symbol","../internals/to-length","../internals/array-buffer-view-core","../internals/object-define-property","../internals/to-object","../internals/has","@babel/runtime/helpers/esm/extends","lodash/get","./get","../internals/array-iteration","../internals/object-get-own-property-descriptor","../internals/require-object-coercible","../internals/create-non-enumerable-property","../internals/redefine","../internals/internal-state","../internals/a-function","../internals/define-well-known-symbol","../internals/array-method-uses-to-length","./isArray","history","../internals/to-indexed-object","../internals/get-built-in","../internals/create-html","../internals/string-html-forced","@babel/runtime/helpers/esm/inheritsLoose","tiny-invariant","../internals/is-pure","../internals/to-integer","../internals/object-get-prototype-of","./isObject","../internals/to-primitive","../internals/set-to-string-tag","./Hook","lodash/each","../internals/object-create","./_root","./HookCodeFactory","./RouteStatus","../components/RouteStatus","@pawjs/tapable","../internals/create-property-descriptor","../internals/classof-raw","./classof-raw","../internals/array-method-is-strict","../internals/species-constructor","../internals/typed-array-constructor","./isObjectLike","../internals/to-absolute-index","../internals/function-bind-context","../internals/object-set-prototype-of","../internals/iterate","../internals/add-to-unscopables","../internals/an-instance","./isArrayLike","../internals/object-get-own-property-names","../internals/is-array","../internals/create-property","../internals/internal-metadata","./_getNative","@babel/runtime/helpers/esm/objectWithoutPropertiesLoose","../internals/engine-is-node","../internals/set-species","./regexp-flags","../internals/regexp-flags","../internals/string-trim","../internals/redefine-all","./keys","./_baseGetTag","./_Symbol","./identity","../components/ErrorBoundary","../internals/indexed-object","../internals/uid","../internals/hidden-keys","../internals/path","../internals/array-includes","../internals/is-forced","../internals/object-keys","../internals/array-species-create","../internals/iterators","../internals/get-iterator-method","../internals/classof","../internals/array-method-has-species-support","../internals/engine-v8-version","../internals/engine-user-agent","../internals/freezing","../internals/is-regexp","./isArguments","./isBuffer","./isSymbol","./eq","./_toKey","./_copyObject","./keysIn","./_getTag","prop-types","lodash/uniq","../errors/not-found","../router/handler","../internals/object-property-is-enumerable","../internals/shared-key","../internals/check-correctness-of-iteration","../internals/array-reduce","../modules/es.array.iterator","../internals/object-prototype-accessors-forced","../internals/string-multibyte","../internals/fix-regexp-well-known-symbol-logic","../internals/regexp-exec","./regexp-exec","./regexp-sticky-helpers","../internals/regexp-sticky-helpers","../internals/advance-string-index","../internals/regexp-exec-abstract","../internals/whitespaces","../internals/inherit-if-required","../internals/math-expm1","../internals/new-promise-capability","../internals/collection","../internals/array-buffer","module","./_isIndex","./isTypedArray","./_baseUnary","./_isPrototype","./_nativeCreate","./_ListCache","./_assocIndexOf","./_getMapData","./_Stack","lodash/cloneDeep","react-router-config","../abstract-plugin","global","../internals/document-create-element","../internals/set-global","../internals/inspect-source","../internals/shared-store","../internals/shared","../internals/own-keys","../internals/enum-bug-keys","../internals/object-get-own-property-symbols","../internals/native-symbol","../internals/object-define-properties","../internals/correct-prototype-getter","../internals/is-array-iterator-method","../internals/to-string-tag-support","../internals/array-fill","../internals/define-iterator","../internals/create-iterator-constructor","../internals/not-a-regexp","../internals/correct-is-regexp-logic","../modules/es.regexp.exec","../internals/string-pad","../internals/string-repeat","../internals/string-trim-forced","../internals/math-sign","../internals/task","../internals/perform","../internals/array-buffer-native","../internals/typed-array-constructors-require-wrappers","process","./isLength","./_nodeUtil","./isFunction","./_baseGet","./_castPath","./_isKey","./_MapCache","./_Map","./_setToArray","./_assignValue","./_baseAssignValue","./_getSymbols","./_arrayPush","./_getPrototype","./_cloneArrayBuffer","./_baseIteratee","./_baseIsEqual","./_baseRest","react-dom","mini-create-react-context","path-to-regexp","lodash/isEmpty","../internals/ie8-dom-define","../internals/native-weak-map","../internals/copy-constructor-properties","../internals/object-keys-internal","../internals/use-symbol-as-uid","../internals/html","../internals/object-get-own-property-names-external","../internals/well-known-symbol-wrapped","../internals/a-possible-prototype","../internals/iterator-close","../internals/array-from","../internals/array-copy-within","../internals/flatten-into-array","../internals/array-for-each","../internals/array-last-index-of","../internals/iterators-core","../internals/function-bind","../internals/object-assign","../internals/object-to-array","../internals/same-value","../internals/string-pad-webkit-bug","../internals/get-substitution","../modules/es.string.iterator","../internals/number-parse-int","../internals/number-parse-float","../internals/is-integer","../internals/this-number-value","../internals/math-log1p","../internals/native-promise-constructor","../internals/engine-is-ios","../internals/microtask","../internals/promise-resolve","../internals/collection-strong","../internals/collection-weak","../internals/to-index","../internals/to-offset","../internals/typed-array-from","../internals/dom-iterables","../internals/native-url","../modules/web.url-search-params","object-assign","./constant","./_baseForOwn","./_baseFor","./_arrayLikeKeys","./_freeGlobal","./_baseKeys","./_overArg","./_toSource","./_arrayMap","util","./_baseUniq","./_SetCache","./_baseFindIndex","./_cacheHas","./_Set","./_arrayEach","./_defineProperty","./_cloneBuffer","./_copyArray","./stubArray","./_getSymbolsIn","./_getAllKeys","./_baseGetAllKeys","./_Uint8Array","./_cloneTypedArray","./_initCloneObject","react-is","./_baseEach","./_equalArrays","./_isStrictComparable","./_matchesStrictComparable","./_apply","./_baseMerge","./_assignMergeValue","./_safeGet","./_isIterateeCall","universal-fetch","./handler","lodash/invert","hoist-non-react-statics","../utils/seo","lodash/set","lodash/find","lodash/defaultsDeep","lodash/first","lodash/isEqual","lodash/uniqWith","./utils","lodash/sortBy","../utils/reactPossibleStandardNames","core-js/stable","../es","../modules/es.symbol","../modules/es.symbol.async-iterator","../modules/es.symbol.description","../modules/es.symbol.has-instance","../modules/es.symbol.is-concat-spreadable","../modules/es.symbol.iterator","../modules/es.symbol.match","../modules/es.symbol.match-all","../modules/es.symbol.replace","../modules/es.symbol.search","../modules/es.symbol.species","../modules/es.symbol.split","../modules/es.symbol.to-primitive","../modules/es.symbol.to-string-tag","../modules/es.symbol.unscopables","../modules/es.aggregate-error","../modules/es.array.from","../internals/call-with-safe-iteration-closing","../modules/es.array.is-array","../modules/es.array.of","../modules/es.array.concat","../modules/es.array.copy-within","../modules/es.array.every","../modules/es.array.fill","../modules/es.array.filter","../modules/es.array.find","../modules/es.array.find-index","../modules/es.array.flat","../modules/es.array.flat-map","../modules/es.array.for-each","../modules/es.array.includes","../modules/es.array.index-of","../modules/es.array.join","../modules/es.array.last-index-of","../modules/es.array.map","../modules/es.array.reduce","../modules/es.array.reduce-right","../modules/es.array.reverse","../modules/es.array.slice","../modules/es.array.some","../modules/es.array.sort","../modules/es.array.splice","../modules/es.array.species","../modules/es.array.unscopables.flat","../modules/es.array.unscopables.flat-map","../modules/es.function.bind","../modules/es.function.name","../modules/es.function.has-instance","../modules/es.global-this","../modules/es.object.assign","../modules/es.object.create","../modules/es.object.define-property","../modules/es.object.define-properties","../modules/es.object.entries","../modules/es.object.freeze","../modules/es.object.from-entries","../modules/es.object.get-own-property-descriptor","../modules/es.object.get-own-property-descriptors","../modules/es.object.get-own-property-names","../modules/es.object.get-prototype-of","../modules/es.object.is","../modules/es.object.is-extensible","../modules/es.object.is-frozen","../modules/es.object.is-sealed","../modules/es.object.keys","../modules/es.object.prevent-extensions","../modules/es.object.seal","../modules/es.object.set-prototype-of","../modules/es.object.values","../modules/es.object.to-string","../internals/object-to-string","../modules/es.object.define-getter","../modules/es.object.define-setter","../modules/es.object.lookup-getter","../modules/es.object.lookup-setter","../modules/es.string.from-code-point","../modules/es.string.raw","../modules/es.string.code-point-at","../modules/es.string.ends-with","../modules/es.string.includes","../modules/es.string.match","../modules/es.string.match-all","../modules/es.string.pad-end","../modules/es.string.pad-start","../modules/es.string.repeat","../modules/es.string.replace","../modules/es.string.search","../modules/es.string.split","../modules/es.string.starts-with","../modules/es.string.trim","../modules/es.string.trim-start","../modules/es.string.trim-end","../modules/es.string.anchor","../modules/es.string.big","../modules/es.string.blink","../modules/es.string.bold","../modules/es.string.fixed","../modules/es.string.fontcolor","../modules/es.string.fontsize","../modules/es.string.italics","../modules/es.string.link","../modules/es.string.small","../modules/es.string.strike","../modules/es.string.sub","../modules/es.string.sup","../modules/es.string.replace-all","../modules/es.regexp.constructor","../modules/es.regexp.flags","../modules/es.regexp.sticky","../modules/es.regexp.test","../modules/es.regexp.to-string","../modules/es.parse-int","../modules/es.parse-float","../modules/es.number.constructor","../modules/es.number.epsilon","../modules/es.number.is-finite","../internals/number-is-finite","../modules/es.number.is-integer","../modules/es.number.is-nan","../modules/es.number.is-safe-integer","../modules/es.number.max-safe-integer","../modules/es.number.min-safe-integer","../modules/es.number.parse-float","../modules/es.number.parse-int","../modules/es.number.to-fixed","../modules/es.number.to-precision","../modules/es.math.acosh","../modules/es.math.asinh","../modules/es.math.atanh","../modules/es.math.cbrt","../modules/es.math.clz32","../modules/es.math.cosh","../modules/es.math.expm1","../modules/es.math.fround","../internals/math-fround","../modules/es.math.hypot","../modules/es.math.imul","../modules/es.math.log10","../modules/es.math.log1p","../modules/es.math.log2","../modules/es.math.sign","../modules/es.math.sinh","../modules/es.math.tanh","../modules/es.math.to-string-tag","../modules/es.math.trunc","../modules/es.date.now","../modules/es.date.to-json","../modules/es.date.to-iso-string","../internals/date-to-iso-string","../modules/es.date.to-string","../modules/es.date.to-primitive","../internals/date-to-primitive","../modules/es.json.stringify","../modules/es.json.to-string-tag","../modules/es.promise","../internals/engine-is-webos-webkit","../internals/host-report-errors","../modules/es.promise.all-settled","../modules/es.promise.any","../modules/es.promise.finally","../modules/es.map","../modules/es.set","../modules/es.weak-map","../modules/es.weak-set","../modules/es.array-buffer.constructor","../internals/ieee754","../modules/es.array-buffer.is-view","../modules/es.array-buffer.slice","../modules/es.data-view","../modules/es.typed-array.int8-array","../internals/to-positive-integer","../modules/es.typed-array.uint8-array","../modules/es.typed-array.uint8-clamped-array","../modules/es.typed-array.int16-array","../modules/es.typed-array.uint16-array","../modules/es.typed-array.int32-array","../modules/es.typed-array.uint32-array","../modules/es.typed-array.float32-array","../modules/es.typed-array.float64-array","../modules/es.typed-array.from","../modules/es.typed-array.of","../modules/es.typed-array.copy-within","../modules/es.typed-array.every","../modules/es.typed-array.fill","../modules/es.typed-array.filter","../modules/es.typed-array.find","../modules/es.typed-array.find-index","../modules/es.typed-array.for-each","../modules/es.typed-array.includes","../modules/es.typed-array.index-of","../modules/es.typed-array.iterator","../modules/es.typed-array.join","../modules/es.typed-array.last-index-of","../modules/es.typed-array.map","../modules/es.typed-array.reduce","../modules/es.typed-array.reduce-right","../modules/es.typed-array.reverse","../modules/es.typed-array.set","../modules/es.typed-array.slice","../modules/es.typed-array.some","../modules/es.typed-array.sort","../modules/es.typed-array.subarray","../modules/es.typed-array.to-locale-string","../modules/es.typed-array.to-string","../modules/es.reflect.apply","../modules/es.reflect.construct","../modules/es.reflect.define-property","../modules/es.reflect.delete-property","../modules/es.reflect.get","../modules/es.reflect.get-own-property-descriptor","../modules/es.reflect.get-prototype-of","../modules/es.reflect.has","../modules/es.reflect.is-extensible","../modules/es.reflect.own-keys","../modules/es.reflect.prevent-extensions","../modules/es.reflect.set","../modules/es.reflect.set-prototype-of","../modules/es.reflect.to-string-tag","../web","../modules/web.dom-collections.for-each","../modules/web.dom-collections.iterator","../modules/web.immediate","../modules/web.queue-microtask","../modules/web.timers","../modules/web.url","../internals/string-punycode-to-ascii","../internals/get-iterator","../modules/web.url.to-json","regenerator-runtime/runtime","/home/runner/work/NeoCracy/NeoCracy/install/frontend_neocracy/node_modules/@pawjs/pawjs/src/client/app.tsx","bulma/css/bulma.min.css","fetch-ie8","./cjs/react.production.min.js","./_createInverter","./_baseInverter","./_createBaseFor","./_baseTimes","./_baseIsArguments","./_getRawTag","./_objectToString","./stubFalse","./_baseIsTypedArray","./_nativeKeys","./_stringToPath","./_memoizeCapped","./memoize","./_mapCacheClear","./_Hash","./_hashClear","./_baseIsNative","./_isMasked","./_coreJsData","./_getValue","./_hashDelete","./_hashGet","./_hashHas","./_hashSet","./_listCacheClear","./_listCacheDelete","./_listCacheGet","./_listCacheHas","./_listCacheSet","./_mapCacheDelete","./_isKeyable","./_mapCacheGet","./_mapCacheHas","./_mapCacheSet","./toString","./_baseToString","./cjs/react-dom.production.min.js","scheduler","./cjs/scheduler.production.min.js","./SyncHook","./support/isBuffer","inherits","./SyncBailHook","./SyncWaterfallHook","./SyncLoopHook","./AsyncParallelHook","./AsyncParallelBailHook","./AsyncSeriesHook","./AsyncSeriesBailHook","./AsyncSeriesLoopHook","./AsyncSeriesWaterfallHook","./HookMap","./MultiHook","./_setCacheAdd","./_setCacheHas","./_arrayIncludes","./_baseIndexOf","./_baseIsNaN","./_strictIndexOf","./_arrayIncludesWith","./_createSet","./noop","./_baseClone","./_stackClear","./_stackDelete","./_stackGet","./_stackHas","./_stackSet","./_baseAssign","./_baseAssignIn","./_baseKeysIn","./_nativeKeysIn","./_copySymbols","./_arrayFilter","./_copySymbolsIn","./_getAllKeysIn","./_DataView","./_Promise","./_WeakMap","./_initCloneArray","./_initCloneByTag","./_cloneDataView","./_cloneRegExp","./_cloneSymbol","./_baseCreate","./isMap","./_baseIsMap","./isSet","./_baseIsSet","./factoryWithThrowingShims","./lib/ReactPropTypesSecret","isarray","./cjs/react-is.production.min.js","./forEach","./_createBaseEach","./_castFunction","./_baseSet","./_createFind","./_baseMatches","./_baseIsMatch","./_baseIsEqualDeep","./_arraySome","./_equalByTag","./_mapToArray","./_equalObjects","./_getMatchData","./_baseMatchesProperty","./hasIn","./_baseHasIn","./_hasPath","./property","./_baseProperty","./_basePropertyDeep","./findIndex","./toInteger","./toFinite","./toNumber","./_overRest","./_setToString","./_baseSetToString","./_shortOut","./_customDefaultsMerge","./_baseMergeDeep","./isArrayLikeObject","./isPlainObject","./toPlainObject","./mergeWith","./_createAssigner","./head","./_baseFlatten","./_isFlattenable","./_baseOrderBy","./_baseMap","./_baseSortBy","./_compareMultiple","./_compareAscending"]},{"path":"/css/307aa92a08b592d15977.css","modules":["pawProjectClient","pawSeoConfig","pawPwaConfig","pawProjectRoutes","./resources/css/util.scss","./resources/css/global.css"]},{"path":"/css/cd1ba2a6e3ad9e414600.css","modules":["./guest-layout","./local-styles.css","../components/global-local-css"]}],"jsDependencyMap":[{"path":"/js/286bdbdca6239959b4eb.js","modules":["pawProjectClient","../internals/export","react","../internals/fails","./fails","../internals/global","react-router","react-router-dom","../internals/is-object","../internals/an-object","../internals/descriptors","../internals/well-known-symbol","../internals/to-length","../internals/array-buffer-view-core","../internals/object-define-property","../internals/to-object","../internals/has","@babel/runtime/helpers/esm/extends","lodash/get","./get","../internals/array-iteration","../internals/object-get-own-property-descriptor","../internals/require-object-coercible","../internals/create-non-enumerable-property","../internals/redefine","../internals/internal-state","../internals/a-function","../internals/define-well-known-symbol","../internals/array-method-uses-to-length","./isArray","history","../internals/to-indexed-object","../internals/get-built-in","../internals/create-html","../internals/string-html-forced","@babel/runtime/helpers/esm/inheritsLoose","tiny-invariant","../internals/is-pure","../internals/to-integer","../internals/object-get-prototype-of","./isObject","../internals/to-primitive","../internals/set-to-string-tag","./Hook","lodash/each","../internals/object-create","./_root","./HookCodeFactory","./RouteStatus","../components/RouteStatus","@pawjs/tapable","../internals/create-property-descriptor","../internals/classof-raw","./classof-raw","../internals/array-method-is-strict","../internals/species-constructor","../internals/typed-array-constructor","./isObjectLike","../internals/to-absolute-index","../internals/function-bind-context","../internals/object-set-prototype-of","../internals/iterate","../internals/add-to-unscopables","../internals/an-instance","./isArrayLike","../internals/object-get-own-property-names","../internals/is-array","../internals/create-property","../internals/internal-metadata","./_getNative","@babel/runtime/helpers/esm/objectWithoutPropertiesLoose","../internals/engine-is-node","../internals/set-species","./regexp-flags","../internals/regexp-flags","../internals/string-trim","../internals/redefine-all","./keys","./_baseGetTag","./_Symbol","./identity","../components/ErrorBoundary","../internals/indexed-object","../internals/uid","../internals/hidden-keys","../internals/path","../internals/array-includes","../internals/is-forced","../internals/object-keys","../internals/array-species-create","../internals/iterators","../internals/get-iterator-method","../internals/classof","../internals/array-method-has-species-support","../internals/engine-v8-version","../internals/engine-user-agent","../internals/freezing","../internals/is-regexp","./isArguments","./isBuffer","./isSymbol","./eq","./_toKey","./_copyObject","./keysIn","./_getTag","prop-types","lodash/uniq","../errors/not-found","../router/handler","../internals/object-property-is-enumerable","../internals/shared-key","../internals/check-correctness-of-iteration","../internals/array-reduce","../modules/es.array.iterator","../internals/object-prototype-accessors-forced","../internals/string-multibyte","../internals/fix-regexp-well-known-symbol-logic","../internals/regexp-exec","./regexp-exec","./regexp-sticky-helpers","../internals/regexp-sticky-helpers","../internals/advance-string-index","../internals/regexp-exec-abstract","../internals/whitespaces","../internals/inherit-if-required","../internals/math-expm1","../internals/new-promise-capability","../internals/collection","../internals/array-buffer","module","./_isIndex","./isTypedArray","./_baseUnary","./_isPrototype","./_nativeCreate","./_ListCache","./_assocIndexOf","./_getMapData","./_Stack","lodash/cloneDeep","react-router-config","../abstract-plugin","global","../internals/document-create-element","../internals/set-global","../internals/inspect-source","../internals/shared-store","../internals/shared","../internals/own-keys","../internals/enum-bug-keys","../internals/object-get-own-property-symbols","../internals/native-symbol","../internals/object-define-properties","../internals/correct-prototype-getter","../internals/is-array-iterator-method","../internals/to-string-tag-support","../internals/array-fill","../internals/define-iterator","../internals/create-iterator-constructor","../internals/not-a-regexp","../internals/correct-is-regexp-logic","../modules/es.regexp.exec","../internals/string-pad","../internals/string-repeat","../internals/string-trim-forced","../internals/math-sign","../internals/task","../internals/perform","../internals/array-buffer-native","../internals/typed-array-constructors-require-wrappers","process","./isLength","./_nodeUtil","./isFunction","./_baseGet","./_castPath","./_isKey","./_MapCache","./_Map","./_setToArray","./_assignValue","./_baseAssignValue","./_getSymbols","./_arrayPush","./_getPrototype","./_cloneArrayBuffer","./_baseIteratee","./_baseIsEqual","./_baseRest","react-dom","mini-create-react-context","path-to-regexp","lodash/isEmpty","../internals/ie8-dom-define","../internals/native-weak-map","../internals/copy-constructor-properties","../internals/object-keys-internal","../internals/use-symbol-as-uid","../internals/html","../internals/object-get-own-property-names-external","../internals/well-known-symbol-wrapped","../internals/a-possible-prototype","../internals/iterator-close","../internals/array-from","../internals/array-copy-within","../internals/flatten-into-array","../internals/array-for-each","../internals/array-last-index-of","../internals/iterators-core","../internals/function-bind","../internals/object-assign","../internals/object-to-array","../internals/same-value","../internals/string-pad-webkit-bug","../internals/get-substitution","../modules/es.string.iterator","../internals/number-parse-int","../internals/number-parse-float","../internals/is-integer","../internals/this-number-value","../internals/math-log1p","../internals/native-promise-constructor","../internals/engine-is-ios","../internals/microtask","../internals/promise-resolve","../internals/collection-strong","../internals/collection-weak","../internals/to-index","../internals/to-offset","../internals/typed-array-from","../internals/dom-iterables","../internals/native-url","../modules/web.url-search-params","object-assign","./constant","./_baseForOwn","./_baseFor","./_arrayLikeKeys","./_freeGlobal","./_baseKeys","./_overArg","./_toSource","./_arrayMap","util","./_baseUniq","./_SetCache","./_baseFindIndex","./_cacheHas","./_Set","./_arrayEach","./_defineProperty","./_cloneBuffer","./_copyArray","./stubArray","./_getSymbolsIn","./_getAllKeys","./_baseGetAllKeys","./_Uint8Array","./_cloneTypedArray","./_initCloneObject","react-is","./_baseEach","./_equalArrays","./_isStrictComparable","./_matchesStrictComparable","./_apply","./_baseMerge","./_assignMergeValue","./_safeGet","./_isIterateeCall","universal-fetch","./handler","lodash/invert","hoist-non-react-statics","../utils/seo","lodash/set","lodash/find","lodash/defaultsDeep","lodash/first","lodash/isEqual","lodash/uniqWith","./utils","lodash/sortBy","../utils/reactPossibleStandardNames","core-js/stable","../es","../modules/es.symbol","../modules/es.symbol.async-iterator","../modules/es.symbol.description","../modules/es.symbol.has-instance","../modules/es.symbol.is-concat-spreadable","../modules/es.symbol.iterator","../modules/es.symbol.match","../modules/es.symbol.match-all","../modules/es.symbol.replace","../modules/es.symbol.search","../modules/es.symbol.species","../modules/es.symbol.split","../modules/es.symbol.to-primitive","../modules/es.symbol.to-string-tag","../modules/es.symbol.unscopables","../modules/es.aggregate-error","../modules/es.array.from","../internals/call-with-safe-iteration-closing","../modules/es.array.is-array","../modules/es.array.of","../modules/es.array.concat","../modules/es.array.copy-within","../modules/es.array.every","../modules/es.array.fill","../modules/es.array.filter","../modules/es.array.find","../modules/es.array.find-index","../modules/es.array.flat","../modules/es.array.flat-map","../modules/es.array.for-each","../modules/es.array.includes","../modules/es.array.index-of","../modules/es.array.join","../modules/es.array.last-index-of","../modules/es.array.map","../modules/es.array.reduce","../modules/es.array.reduce-right","../modules/es.array.reverse","../modules/es.array.slice","../modules/es.array.some","../modules/es.array.sort","../modules/es.array.splice","../modules/es.array.species","../modules/es.array.unscopables.flat","../modules/es.array.unscopables.flat-map","../modules/es.function.bind","../modules/es.function.name","../modules/es.function.has-instance","../modules/es.global-this","../modules/es.object.assign","../modules/es.object.create","../modules/es.object.define-property","../modules/es.object.define-properties","../modules/es.object.entries","../modules/es.object.freeze","../modules/es.object.from-entries","../modules/es.object.get-own-property-descriptor","../modules/es.object.get-own-property-descriptors","../modules/es.object.get-own-property-names","../modules/es.object.get-prototype-of","../modules/es.object.is","../modules/es.object.is-extensible","../modules/es.object.is-frozen","../modules/es.object.is-sealed","../modules/es.object.keys","../modules/es.object.prevent-extensions","../modules/es.object.seal","../modules/es.object.set-prototype-of","../modules/es.object.values","../modules/es.object.to-string","../internals/object-to-string","../modules/es.object.define-getter","../modules/es.object.define-setter","../modules/es.object.lookup-getter","../modules/es.object.lookup-setter","../modules/es.string.from-code-point","../modules/es.string.raw","../modules/es.string.code-point-at","../modules/es.string.ends-with","../modules/es.string.includes","../modules/es.string.match","../modules/es.string.match-all","../modules/es.string.pad-end","../modules/es.string.pad-start","../modules/es.string.repeat","../modules/es.string.replace","../modules/es.string.search","../modules/es.string.split","../modules/es.string.starts-with","../modules/es.string.trim","../modules/es.string.trim-start","../modules/es.string.trim-end","../modules/es.string.anchor","../modules/es.string.big","../modules/es.string.blink","../modules/es.string.bold","../modules/es.string.fixed","../modules/es.string.fontcolor","../modules/es.string.fontsize","../modules/es.string.italics","../modules/es.string.link","../modules/es.string.small","../modules/es.string.strike","../modules/es.string.sub","../modules/es.string.sup","../modules/es.string.replace-all","../modules/es.regexp.constructor","../modules/es.regexp.flags","../modules/es.regexp.sticky","../modules/es.regexp.test","../modules/es.regexp.to-string","../modules/es.parse-int","../modules/es.parse-float","../modules/es.number.constructor","../modules/es.number.epsilon","../modules/es.number.is-finite","../internals/number-is-finite","../modules/es.number.is-integer","../modules/es.number.is-nan","../modules/es.number.is-safe-integer","../modules/es.number.max-safe-integer","../modules/es.number.min-safe-integer","../modules/es.number.parse-float","../modules/es.number.parse-int","../modules/es.number.to-fixed","../modules/es.number.to-precision","../modules/es.math.acosh","../modules/es.math.asinh","../modules/es.math.atanh","../modules/es.math.cbrt","../modules/es.math.clz32","../modules/es.math.cosh","../modules/es.math.expm1","../modules/es.math.fround","../internals/math-fround","../modules/es.math.hypot","../modules/es.math.imul","../modules/es.math.log10","../modules/es.math.log1p","../modules/es.math.log2","../modules/es.math.sign","../modules/es.math.sinh","../modules/es.math.tanh","../modules/es.math.to-string-tag","../modules/es.math.trunc","../modules/es.date.now","../modules/es.date.to-json","../modules/es.date.to-iso-string","../internals/date-to-iso-string","../modules/es.date.to-string","../modules/es.date.to-primitive","../internals/date-to-primitive","../modules/es.json.stringify","../modules/es.json.to-string-tag","../modules/es.promise","../internals/engine-is-webos-webkit","../internals/host-report-errors","../modules/es.promise.all-settled","../modules/es.promise.any","../modules/es.promise.finally","../modules/es.map","../modules/es.set","../modules/es.weak-map","../modules/es.weak-set","../modules/es.array-buffer.constructor","../internals/ieee754","../modules/es.array-buffer.is-view","../modules/es.array-buffer.slice","../modules/es.data-view","../modules/es.typed-array.int8-array","../internals/to-positive-integer","../modules/es.typed-array.uint8-array","../modules/es.typed-array.uint8-clamped-array","../modules/es.typed-array.int16-array","../modules/es.typed-array.uint16-array","../modules/es.typed-array.int32-array","../modules/es.typed-array.uint32-array","../modules/es.typed-array.float32-array","../modules/es.typed-array.float64-array","../modules/es.typed-array.from","../modules/es.typed-array.of","../modules/es.typed-array.copy-within","../modules/es.typed-array.every","../modules/es.typed-array.fill","../modules/es.typed-array.filter","../modules/es.typed-array.find","../modules/es.typed-array.find-index","../modules/es.typed-array.for-each","../modules/es.typed-array.includes","../modules/es.typed-array.index-of","../modules/es.typed-array.iterator","../modules/es.typed-array.join","../modules/es.typed-array.last-index-of","../modules/es.typed-array.map","../modules/es.typed-array.reduce","../modules/es.typed-array.reduce-right","../modules/es.typed-array.reverse","../modules/es.typed-array.set","../modules/es.typed-array.slice","../modules/es.typed-array.some","../modules/es.typed-array.sort","../modules/es.typed-array.subarray","../modules/es.typed-array.to-locale-string","../modules/es.typed-array.to-string","../modules/es.reflect.apply","../modules/es.reflect.construct","../modules/es.reflect.define-property","../modules/es.reflect.delete-property","../modules/es.reflect.get","../modules/es.reflect.get-own-property-descriptor","../modules/es.reflect.get-prototype-of","../modules/es.reflect.has","../modules/es.reflect.is-extensible","../modules/es.reflect.own-keys","../modules/es.reflect.prevent-extensions","../modules/es.reflect.set","../modules/es.reflect.set-prototype-of","../modules/es.reflect.to-string-tag","../web","../modules/web.dom-collections.for-each","../modules/web.dom-collections.iterator","../modules/web.immediate","../modules/web.queue-microtask","../modules/web.timers","../modules/web.url","../internals/string-punycode-to-ascii","../internals/get-iterator","../modules/web.url.to-json","regenerator-runtime/runtime","/home/runner/work/NeoCracy/NeoCracy/install/frontend_neocracy/node_modules/@pawjs/pawjs/src/client/app.tsx","bulma/css/bulma.min.css","fetch-ie8","./cjs/react.production.min.js","./_createInverter","./_baseInverter","./_createBaseFor","./_baseTimes","./_baseIsArguments","./_getRawTag","./_objectToString","./stubFalse","./_baseIsTypedArray","./_nativeKeys","./_stringToPath","./_memoizeCapped","./memoize","./_mapCacheClear","./_Hash","./_hashClear","./_baseIsNative","./_isMasked","./_coreJsData","./_getValue","./_hashDelete","./_hashGet","./_hashHas","./_hashSet","./_listCacheClear","./_listCacheDelete","./_listCacheGet","./_listCacheHas","./_listCacheSet","./_mapCacheDelete","./_isKeyable","./_mapCacheGet","./_mapCacheHas","./_mapCacheSet","./toString","./_baseToString","./cjs/react-dom.production.min.js","scheduler","./cjs/scheduler.production.min.js","./SyncHook","./support/isBuffer","inherits","./SyncBailHook","./SyncWaterfallHook","./SyncLoopHook","./AsyncParallelHook","./AsyncParallelBailHook","./AsyncSeriesHook","./AsyncSeriesBailHook","./AsyncSeriesLoopHook","./AsyncSeriesWaterfallHook","./HookMap","./MultiHook","./_setCacheAdd","./_setCacheHas","./_arrayIncludes","./_baseIndexOf","./_baseIsNaN","./_strictIndexOf","./_arrayIncludesWith","./_createSet","./noop","./_baseClone","./_stackClear","./_stackDelete","./_stackGet","./_stackHas","./_stackSet","./_baseAssign","./_baseAssignIn","./_baseKeysIn","./_nativeKeysIn","./_copySymbols","./_arrayFilter","./_copySymbolsIn","./_getAllKeysIn","./_DataView","./_Promise","./_WeakMap","./_initCloneArray","./_initCloneByTag","./_cloneDataView","./_cloneRegExp","./_cloneSymbol","./_baseCreate","./isMap","./_baseIsMap","./isSet","./_baseIsSet","./factoryWithThrowingShims","./lib/ReactPropTypesSecret","isarray","./cjs/react-is.production.min.js","./forEach","./_createBaseEach","./_castFunction","./_baseSet","./_createFind","./_baseMatches","./_baseIsMatch","./_baseIsEqualDeep","./_arraySome","./_equalByTag","./_mapToArray","./_equalObjects","./_getMatchData","./_baseMatchesProperty","./hasIn","./_baseHasIn","./_hasPath","./property","./_baseProperty","./_basePropertyDeep","./findIndex","./toInteger","./toFinite","./toNumber","./_overRest","./_setToString","./_baseSetToString","./_shortOut","./_customDefaultsMerge","./_baseMergeDeep","./isArrayLikeObject","./isPlainObject","./toPlainObject","./mergeWith","./_createAssigner","./head","./_baseFlatten","./_isFlattenable","./_baseOrderBy","./_baseMap","./_baseSortBy","./_compareMultiple","./_compareAscending"]},{"path":"/js/307aa92a08b592d15977.js","modules":["pawProjectClient","pawSeoConfig","pawPwaConfig","pawProjectRoutes","./resources/css/util.scss","./resources/css/global.css"]},{"path":"/js/7d7d2673734b1846e9d9.js","modules":["./guest-layout","../libs/cookie","./fake-authenticator","../components/login"]},{"path":"/js/cd1ba2a6e3ad9e414600.js","modules":["./guest-layout","./local-styles.css","../components/global-local-css"]},{"path":"/js/cecd267e6688893993db.js","modules":["./guest-layout","../resources/img/dog-cat.jpg?sizes=1200w+1000w+800w+600w+400w&placeholder","../components/image-optmization"]},{"path":"/js/52d849ad2baa27bbcc22.js","modules":["../libs/cookie","./fake-authenticator","../components/logout"]},{"path":"/js/d4d3ce01ecf6f232296e.js","modules":["./guest-layout","../components/contribute"]},{"path":"/js/2fb5baeefe8d23ac3e86.js","modules":["../libs/cookie","../components/dashboard"]},{"path":"/js/ef7ec2e5a560ee7a40ba.js","modules":["./guest-layout","../components/home"]},{"path":"/js/fb0221b97f16a5abad63.js","modules":["./guest-layout","../components/skeleton-loading"]},{"path":"/js/f33a0bc35e5363d9dab3.js","modules":["./guest-layout","../components/typescript-counter"]},{"path":"/js/54535fcca42cfcefe428.js","modules":["../components/splash"]}]}