{"client":["/examples/tailwind/css/03c68426ca0262424ab5.css","/examples/tailwind/js/03c68426ca0262424ab5.js"],"vendors~client":"/examples/tailwind/js/1301ef0ef371d963fc72.js","cssDependencyMap":[{"path":"/examples/tailwind/css/03c68426ca0262424ab5.css","modules":["pawProjectClient","./resources/img/icon-72x72.png","./resources/img/icon-96x96.png","./resources/img/icon-128x128.png","./resources/img/icon-144x144.png","./resources/img/icon-152x152.png","./resources/img/icon-192x192.png","./resources/img/icon-384x384.png","./resources/img/icon-512x512.png","./resources/img/Social-Share-Image.png","./resources/css/styles.css","/home/runner/work/NeoCracy/NeoCracy/install/frontend_neocracy/prod.pawconfig.json","/home/runner/work/NeoCracy/NeoCracy/install/frontend_neocracy//src/routes"]}]}